Id:ID,keyword
ee963f07-424c-4864-978f-37e6c5498cd5,knowledge
a7a5624f-3994-4938-92c8-b9bcd6d5b58c,hundred
0d041f17-7f73-4ddd-9ee4-a8e64e86e7ca,alone
703b7db5-75a6-4f05-bf73-4094b3b4cc21,security
c044a173-7596-41ba-bdd0-92bb3cb8f656,difference
9edf957c-4a6b-4fbe-8cc9-9873e97ffc1a,listen
b12e3c0d-1b39-4a0f-902d-e87562627750,about
996e4f32-f188-4143-8a64-c47e471979a1,safe
b3a3b84a-189e-48d8-885e-a9676e5629f7,increase
dc055c39-7aa3-47a5-85b3-14715a1f26da,population
91de9493-ad01-438e-949c-f166fa223028,popular
f72fe8b7-2664-4a18-b590-199e6ece89b5,window
ea229dc6-1005-4b2e-ab5b-1d97b82eef2d,option
a33bd62f-0e9e-4a26-a475-2e4d90427041,another
40dfd992-c068-4462-bc3e-605ffb39331c,analysis
6f785aa3-1411-4aed-9b31-666edd202194,lawyer
e3b52c24-b0e3-4ed5-bbbb-e108c136f5f3,list
e36d639d-190d-4628-86ac-8ab86db7c479,again
f1bf7d71-b85f-4e5a-b916-fc23f2981482,picture
f1280984-a3c7-486c-a03b-a3be22946b08,sit
613448ca-b1f5-4733-ae90-da05c692ed1f,student
34a6af04-01a9-4e84-9ce9-d51118ff266a,green
c1860549-009e-4fc7-be03-4a24da756e06,management
d99c9d93-9a9b-48bd-8792-05400cb09bd4,pull
07da9543-77e0-4613-81a4-149a67718ffe,center
c987018a-1f98-4470-bb60-10e18f2dc299,deal
e8a165bf-d22a-46b4-8850-bc890cab3dd8,wide
39d5931a-1b36-457b-94d5-3169dc6ce4f4,tell
c05c8021-7324-43fe-929c-58ecb2e68664,various
8b485b0f-cbc7-422e-af74-91b7b48aa2ed,usually
7848acd5-8efe-43b3-acb9-d7a718204792,operation
d8da92b3-19fd-4ac8-a40f-6f8b8509c84f,author
e353ff44-d1f1-43dd-a742-84bdef28dd7c,yeah
b52b588e-426d-4ede-a66d-c9ff78d02ddb,level
60a9405d-9dc2-40ce-905f-3147ceb406cb,if
227c340d-a489-4854-bb4e-f3c1d254f98f,continue
aa28f09d-cb84-4779-b841-4885dc63c52f,edge
76e4bc8d-ff92-4a73-bb6b-d1d84a530ad7,be
057392d4-1e36-4664-bfb2-ae7c7342ba01,officer
33fac6ec-a2c1-4056-a9f7-3db20712ecd9,simply
c7062a36-314d-47b9-aa8f-125da25688d6,reach
29872438-3e69-4a2b-857f-200b27deb196,though
a65aa6b1-d5b8-41f9-8a97-0078cf701f29,conference
7c7a7004-1241-4a7b-a00e-92755a4a81a6,their
d01957d3-65da-469d-8846-0b1c01acd7a2,talk
b2e6c196-6e38-4867-b5c9-7662b5319d9d,news
9ab53d7c-f882-4f75-a498-d3043852dc6b,chance
f3ecc1a8-8e65-4b94-bd45-47b3fcef7a08,no
e273e490-08ee-4ee1-80d5-84b6e5012c78,team
97510d04-a721-4ef3-8947-7218109718da,probably
0456c4d8-648e-4d6c-ac70-df5fab1032a1,public
72d122d9-99d3-4944-919c-3017101ba269,reason
148fcc12-0479-43cf-8ca9-8d60d898aa7f,him
2e21b961-37b6-42cc-8456-022a56a72f57,land
ef954282-3c0e-4243-a7b2-df3cf9eb80f6,represent
3f246903-8a13-457b-8e87-3932b3901069,institution
9e8451c9-ebcc-41b9-986c-4face3b558a4,us
5b13109b-b176-43da-8975-9273938e99f2,win
1766ce44-041a-4ee4-b4ea-e474f0ff3387,population
48fed0c0-ca32-4ed7-bead-a714f90516e6,her
8cc40a26-7f87-4afb-9f1f-6d8476ac1ca0,share
f0b575b1-d14f-4f8a-9ea6-fb61d79f93bb,entire
fa0b48f4-e2d6-462a-a785-7be1f83aa8b9,finally
d9d87238-9bca-43b2-a360-b4793b1ceec3,rate
cd58aef9-d0a5-4eeb-97dd-94789f7b9595,four
8719fc3f-c402-4bd3-89a0-d6b546ba0121,involve
3780632d-898f-4a1e-b409-c63043c1c9d6,enter
8f5a4a7c-0b55-4930-8e74-7c71d661ce42,born
c59b3030-5a76-4891-a8c2-52326aa6fd18,cultural
c027efd5-5874-4719-966f-ee92820a4b84,green
53177c39-56e7-4efd-acba-8889de88507e,thought
cf5dd057-b1e2-4e3a-bff8-c571021a1fba,knowledge
aad459dd-168c-40c3-bfdc-b6d37e2e9750,high
43c65aa8-8e52-4893-9b12-9557aa450bf3,degree
9ab9984b-dc04-4572-afa8-333ad9715ddc,once
147f2680-1eae-4916-b998-fff1abbe7b4a,by
9577c2a7-c778-490a-928f-f2e71fcdffab,far
bdbf1850-e5e8-4133-b087-a94460e86960,science
78f837dc-ef67-402d-82a0-2c022ef69e30,not
00d2bb52-0f16-4ffa-9082-8b46794fdcb8,side
46acca7b-57c0-4b61-9508-76d7500b5cd9,capital
63d84cae-614e-49ad-8c2c-7e8dbcf3205c,mission
67e3d165-808e-4473-a134-209026cef44f,minute
302d3618-1e48-4058-a579-21471f2ec22d,support
bd3ac2c7-c41d-48c8-98e0-6f2156f24ef2,out
57593b70-abd1-4319-ace9-a9c0e0be35bc,never
c3568b68-addb-4e39-9091-c1ed823ff100,see
b8e2ca34-838e-4c38-9c95-a320da970d31,relate
1670cc3e-3399-44a9-8c10-bdfbfe20ea76,decade
e82236a0-4120-4668-a5f7-fbd4a780ccb8,together
c3046c3c-4998-4680-a275-5e81381b5a4a,book
2ec22d21-ac33-477b-9deb-099374df1777,necessary
9c4b40be-5d42-4d1d-89ab-70326f67ca1f,challenge
741c9423-c0ed-4cb8-aa42-25159195c3c0,game
eaefa8aa-283c-41b6-bcb4-9de99aea538a,answer
958697a0-b848-417a-9db0-b8199591808a,water
09037320-c1c3-4bce-9ddb-eb2883e76e32,program
c9ba0415-b895-4ee0-a386-835dd018e8cd,knowledge
2f414bbb-6d79-4dec-951b-194c48559dd3,large
0a6d2020-b07d-4ba4-9478-b64d5efa3864,later
4f766448-7452-4c94-9e0b-8e4aecc39c30,stuff
ca8365a9-eb7d-41aa-b368-56b14deb98b4,beautiful
79892aa3-7752-4f70-bd5f-f1cd490d7753,ground
ba76fa08-306d-4672-8708-5730642a4e68,ask
4281c5ca-33cb-44e4-bed8-e1f293d052dc,situation
5951449a-86ff-4b59-908a-db1b350571e1,buy
cfbe266d-0011-441d-b751-94b2e67568fd,draw
fa090fbc-c6a9-474d-8117-7dca517667a9,idea
ff28c477-ffdf-40d6-9e1c-f444df656df9,smile
c1d5fbec-70d7-44c8-a6ff-13b7d49f8dd7,dark
96b2c0d1-c009-4ead-893c-dbcbdc8616f7,window
c2bb46be-0422-4d25-98ba-541393846ac6,other
4d7be465-07c4-4dac-a48f-364fe02ec2d5,check
1e49b67c-0694-46f4-b3b3-04db1b38a660,where
d22f965b-6f85-4877-9528-6e0281e3d963,activity
a7ad46ba-b6c0-4555-aeef-d7cec599da44,us
99377102-db53-43d5-a0c9-688598e0f55d,through
a6e448e4-91fc-4cab-82e3-33c0e7253a0d,on
9f64e2a6-1b28-48de-9ec9-4447fc4f89a0,police
525d02ab-fa61-4d20-93c7-7344efb4fc9e,success
590caae7-d40a-4b6d-8848-96c87f528c01,carry
dadbbccc-f841-4666-92f1-7a1a42bc147f,project
9341d5f3-5999-4e3f-9ba6-a0160d47b0f8,someone
8eaebe6d-cc92-4be5-9411-9e3cafdc58cd,tonight
06ed5a15-39b5-44fd-9152-0de3dc3cf326,wrong
b439854b-470c-400b-bf0f-a5e11bb79da2,then
c4363ce8-c305-4277-b79f-321db6332585,southern
c51517ba-1cee-4763-a8b8-7a9ea4383e8a,professional
ac6cdf31-6e14-4923-9b1e-792829fec39c,teach
04fbb625-6a37-4db0-a215-1d859271a4fc,board
03248992-b4c8-4117-8acc-000a8c10f775,price
4690b741-2500-488a-965d-53cbcd90cf46,wear
c58728fd-f1ff-482a-8c9b-7f631e6060fe,yeah
51fd6920-8c0b-4e47-af00-80d611b56684,start
30721834-1363-4752-93f4-7a277ed16505,sure
2f85284e-d885-4d13-8652-057c3d519aea,authority
58a71aab-b37a-479d-88b7-e81344fdb007,though
e023972e-7723-4b6f-aca5-cff3ca50f4ea,soldier
a962f075-f25c-4c72-8115-3870d14b2294,population
96bc0118-879f-4d0f-886b-7cf84001cad4,garden
23a8aacb-ed9f-4459-8995-8a63e6b14aa1,picture
3366e12e-db73-4bec-b67b-63a2531ecdda,figure
790c731c-9b34-488e-8cd8-ff7af021822a,argue
43762c13-17be-4db3-8cf2-f7709f61f9b6,give
0070d3d0-4735-44cc-888f-1c531134a31e,authority
e69f17f0-5052-4be7-b2de-f40f1c8f9353,themselves
b74c3b96-847e-478d-a0e0-9fa92ee9c399,college
6f14bed0-3b78-4b49-8d54-ef2975eacfa1,letter
e931d064-9f3b-4b47-94f7-a977807bf5cf,enough
c2570065-941e-46f3-9e72-aac21bf59f23,still
c862a748-c5cc-4f31-ab5d-9d5438811f6e,election
b1324305-de86-42c8-9bae-10aa67e58b30,trouble
f92d4c80-bb55-4159-bfb4-4e80f416f5df,color
68a4149f-2266-410a-baaf-f056032d3149,eat
072c58ac-ff7b-4083-8b0b-c9ab764dd24d,against
4089f2a4-d328-4ddc-b314-6e998b1276e2,final
aedf5611-918b-4d51-871a-f8f956b66b6d,down
11a2d964-e869-40bd-ab4b-eab1f8c009bc,ready
a07980d3-7161-4600-881f-6d2974b43723,laugh
33f3f782-1bde-4ad4-8292-c8f6f2db2a4f,figure
91526c57-293a-40aa-a46c-dff154694538,minute
5b910d9a-9cd2-4861-8168-6ce98d5057d4,hear
370c934c-412c-49c0-a23f-3933cae131e7,paper
6e3bcf2c-16bd-462c-8101-090f7013a6b5,able
0de38726-79bd-4a3a-b4c2-20367c7b791c,bar
17eeb69e-8f64-421a-ba13-41f3d3b9e36e,admit
1740e94c-48c9-4777-b615-bc5b7636f37b,guess
29e030f6-de84-48b0-99d5-1b7e9953c378,break
20470c9b-4fe9-4f51-9d62-fe616af4eafa,body
f1219f08-0606-4ff8-9f5e-9220b73de065,hold
5935c9e0-a73c-4329-a1bd-66b61757d3d2,enough
24633488-49f6-42e4-a905-7152fd56c2f5,too
23df77ba-5756-4282-9d8e-34ee18259e33,try
ef16703d-5586-4923-9f0f-ec5738e1fcd4,you
e2cc6da5-a3b6-4328-a281-f5d7da63df88,let
6aecd2be-13d2-49f0-8864-3ec3a9303476,find
6f8f8301-0552-4590-abf1-70390fcdda09,until
e7538677-10c5-4ca4-b1ef-ba716f63f3dd,hospital
509fa447-1541-475d-8ef0-247841ee410e,art
e3134d4d-dfb8-45ea-9da8-6713875d22e7,when
bb6a2a99-72dc-4d78-9c0f-8c284191fca0,person
16bdb401-3639-4b66-9883-ffc2717c12ab,pick
be1c4f2d-31e0-4d43-adc1-5802d09ebe4d,wear
2565c010-67c4-47a0-be21-ef6024bdacad,deal
ad2b652d-2ab9-454c-acd1-b77b36b61d54,indicate
ba826a6f-a245-4846-bf27-c9dfa40e2b0c,can
7389f602-b743-4501-8d43-1922095332ac,democratic
a80120aa-c054-4ab6-811d-83250695b600,success
661ad627-58c6-4713-9b1f-bedb9bf25d81,moment
c1a86aba-3684-4c12-8001-8dcf74dde640,nation
a88d4cbc-ec97-4059-beda-1e43c365fce0,court
2dbf1fd1-3ed8-431d-a9f2-502554e2ea24,above
32022e7a-8330-4ca7-ae80-d295cdc8ff1d,hotel
c1ab9096-3597-468d-b585-8500fb58de1b,state
75427b4b-8db2-4761-b650-44d0f7bfb523,however
8e6d094a-1898-4753-8789-56aa7c188d8c,nor
95912276-95f2-494e-9d57-d28c5b4c18fa,act
3b08436d-2160-4bd5-953a-859567254daf,office
accc0c29-56d3-447f-a262-652800510ccb,two
260c24ae-0bb9-489f-a70a-0fb22c6eb6c9,enter
8b3b3548-a718-4278-ae83-3f052c3e5786,fear
87a2ab03-db5d-4f42-99ff-2c933827244c,prove
b0bdef58-9cfa-43da-9897-df8a83faac17,and
e991fa5c-fe2b-4a38-b914-c35eedecbbe5,deep
ab66fbe1-3a30-43da-84fc-817b1ee5395c,baby
68326f00-b926-452f-bb07-79203ca527f9,during
d0788522-7a63-4d88-8033-eadc00c220a4,down
e57aa443-02c7-4b88-9c04-e3771c1191f8,over
cca9ae36-a01f-4c3b-b1a9-148ee45182ff,resource
f8b56dbc-26bc-4bbe-8f1b-5077052e2a46,glass
4c5b794e-37a8-465b-910b-6e3fc0cb8416,game
a31c8960-753c-414e-a5e8-bef6563d1c97,bring
ae8fc9b6-4834-455c-a3ea-acce933c6899,down
a98cf552-79e3-496f-b589-8a1367b6e272,thank
9f024b4e-a98c-45b7-af9c-7188dd4f4406,event
40470aff-24af-410c-ab11-13e8f5b67909,your
fb524172-f87a-46c7-b3c4-95b43e2ad238,call
e29b3c49-4678-41be-8dd9-4b8f58b9fb83,ahead
d2ab4ce2-05e0-47f7-919f-7289f19c8b8a,service
7271d6a9-eb6f-44c6-bfbf-ebdb6deaa061,shoulder
442e5b11-d768-4039-9a04-115dc50a8f8a,hospital
39463435-90ff-4837-ad42-81e61b1a076b,million
e577c3eb-8e6d-4565-9ec4-3cf6e4938778,do
eb03277d-f399-4f3e-93f6-7c21a3f89bdd,wind
ad7d4dbb-1b81-413c-b6e5-7eb4462aa506,time
874d9564-6012-4318-861d-c7747e194d78,crime
f5f9fc39-5cb4-4ccc-aecd-c0e5acda7cc5,national
4de05b77-1b86-42d9-b862-3ee02cbcfdd5,realize
8469025d-5b0d-453f-b2dc-9a6705d8edc6,your
1f339f70-5ec1-4197-a47a-ffe8be3fd5b2,kind
20897243-9b34-4fca-952a-e495d74b6923,wait
33796245-1488-4aac-8950-28ccaa2f7178,perform
473a596d-20c0-4e4f-8f20-a9400144a9d4,hotel
ea6796b8-b2e7-49f4-bd93-ee1614b020a2,similar
fa1a0349-f5a1-42c5-b270-2ea3342b9bc9,night
dca6ef9b-02d7-4ab4-a2e9-3b7180c77e1f,station
c705c050-7f3f-4675-a336-0cdcc587fa4f,leave
fe217bbd-d72b-4f68-a893-3a32289cc333,role
9d3d4ba7-21fa-4870-a51b-ad62d65d5e1e,major
94400c8d-91ad-4ead-a081-339afe9d49cd,sea
419c80f7-f617-4b27-adef-0fe0a1cf8b18,case
d30caa95-a7d4-490d-bb17-c86c76257ec4,trial
2de2ce44-c599-457c-b8b4-00d5b36caa8a,hundred
ae9b7555-6940-47fb-9e51-77dcb62ddab7,field
7c8a0776-81c5-49b4-918f-f0f3aafe8975,to
790a9453-3f77-46ed-aafb-9d699fd2fc26,add
87533220-c1e8-44eb-bc2e-9a83dc2987f6,personal
4bc42e08-647f-4afb-ba3f-cce6901649a9,skill
056e9bfa-c1cc-4289-b0b6-3977d3025cdf,such
e417ae5e-227f-41e2-8949-7991be70e358,management
a8ef369e-24d3-46a2-9ed5-ec068152aa57,throw
359e96e2-58ec-45c4-b2a9-3a4ae287de2b,inside
e421d5c5-1bf5-4b10-98f3-046ca5d659db,sort
115c1435-6245-45e0-91df-6a50807cd0ae,admit
d47a0ca4-09fc-4bdc-a7c3-9ecd5abf2679,owner
5f2f945d-d8e2-42e3-8ec5-c6ae97352e93,wait
4eaa05ef-d14c-4510-af02-05786fd3be6b,research
9ade15e7-a237-4178-87b4-34c1aa149864,surface
4f0ff0a2-977a-40bd-887c-32319c11c29f,box
3ec77d3b-05d2-45d2-86b7-b3afc95111ee,lose
931e875f-7d07-4f3c-a42e-0a88bddbbdac,edge
f405c1ad-2bd2-4129-9ce7-76ba17980640,bank
933d4765-36ee-4f20-8530-9bd464deb9a4,include
db3bfc4c-bb1c-41d9-bbd6-b8b0a75952b7,radio
56d00313-93ee-4030-ac66-73b4f6c539b2,thing
e2d8c30e-172c-4a45-9dd6-1a8e9d3ffd8a,rest
85ec8ce8-e10d-44be-99b9-986d8da0890f,stuff
c36812a0-83b7-4c30-956a-d8651e339f03,get
9da7da01-9bf2-4957-b0dc-52b32fe7e534,board
1b15dcad-1fdc-40b3-a296-39883b62cbc5,hard
8160f03f-9cac-465a-8803-14f52b8f0ac1,continue
e7717abe-61cc-4169-ab04-726d7d5412a6,save
ffb8a1a6-2f7f-47a8-9cab-0aa18dbc30b8,send
8d8f07b5-2263-403e-a189-743fdeade733,yard
228e04bf-f185-49b4-b720-d2902385497b,wait
ac565dee-79a9-4e4e-986f-d5dfc92a78c2,approach
7db2f1cf-2211-4019-9754-519521751fda,like
41e01665-573b-40f0-baef-036b81450189,safe
9ddabed5-f7de-40b4-befd-861416b3eca3,kid
9396000d-de67-4244-ad09-249746a2265c,security
4a7535d2-8801-48e0-8418-8c939c5b056b,history
44b3b4da-22c2-43d1-920f-4c49553221fb,product
076dde0a-04ae-4f7a-9a66-a6fd052fe541,career
55433c73-621d-44ad-9434-2823eec986d2,sort
54d23938-bbe2-49fc-bfad-5de5295826bd,building
2f356cd1-89ec-4623-88c6-476875ce162d,participant
791efede-d026-492d-9c46-bedf19c23f89,role
0166a9ec-8034-44b0-8a69-d54006ed9782,yourself
d52adc7b-87f2-4f4a-92d5-7ab46715d906,society
c2558598-db40-4de9-93b2-9abfd5b8b749,challenge
ee32c293-7690-428e-9d1e-64d87c235df0,none
eac2d949-70c0-4baf-9780-84d1fc6e8d1f,week
9f40850c-a3b2-472e-937c-b986bed2d72c,capital
46ce1eee-dc59-4418-b270-c5e28a294c83,offer
30b993f9-229c-48df-a10f-a09962afb093,care
2ff62d01-267c-49f8-a214-0f8f6095a1d8,black
a359e8f0-1fb3-47c5-afb3-c995946ac50d,beat
ac350d68-2aa8-4464-8c8d-65ac0c3abf08,finish
5e886240-3213-4a13-989e-a64e461f8b74,music
97b82ebb-93fc-474e-bd6f-f2108fe41938,mention
66a9e9cf-105a-4132-8544-35d64c975ef4,lawyer
e4219338-71fa-4380-a14d-fe2618cd5f36,where
f9da1c8f-6d03-4f0a-80ef-d9ef9ffa5e09,least
d79f5f9d-a9d0-426e-886a-f39a76e26cb5,factor
6f848e7e-922b-49ba-8e42-c328ee3c97b0,management
2e9e77cf-7dc2-4533-90f6-29dc5f92403a,hot
562ba205-6977-4689-aed5-e1c5d99489c7,people
b4bf63f4-423d-466a-bdb8-0306b12e19a2,feeling
3d15f591-8f8b-4ac7-8ddc-548b73b84c20,city
b5270362-6b28-4371-be61-ff1d49aa8fd0,cultural
7dc51c57-5156-460e-b99e-160dbcd17cc0,miss
feefed5a-ab23-469d-88c5-3046cd0d3567,sign
b1ecdda3-8eb0-45f5-bbe3-462bac4ddea6,share
bda4d0fa-b93a-482f-8594-6a822099027a,responsibility
fb97b479-e730-4a65-a7a8-a11404f228ed,wait
a97e93c3-7e1d-465f-b30a-34119b6eb95f,discover
69f8fccf-ef0a-46ca-aaa6-61fcdaa51a47,soldier
4f667fcd-d2ac-4aa7-8add-bb3256804fd8,perhaps
3689c760-5f91-4ddd-8a97-a75b68b57238,ok
0eadc578-939c-4c5f-9d01-c59c7207f140,by
4740b790-207c-4efa-bac1-74ca49796c55,happy
bc79f742-cfa3-4a96-b2ac-a672eb6a3bf6,minute
1b3618dc-ec5d-403e-a926-00a1ea3da627,deep
739ab3e4-45fb-498a-bc25-3d408916cbb1,tough
7ad38bba-1cd0-42e8-bde3-42593a98c8f9,firm
bcd66db5-ded7-4fda-99bc-d2c80aaf7ba4,organization
8be2013c-94d2-464e-b3f3-a82a30746bba,race
0b017d79-4d17-49f5-97f6-744c15df171f,say
1b971a8c-a5ae-4bca-9fbc-61477a161a9f,against
ff5030ef-a460-47bd-9023-96d1da7a02b4,eye
c6a6b2ee-68c0-4650-b253-b74aadbc34a4,nearly
744f02ee-6eca-4851-9afc-606f9225b802,trade
9b2a6824-9d5a-4e63-aab4-2d7647d46a54,family
379145f9-838f-4a84-88d7-e44a674edf4b,country
ae9287ba-75d4-480c-865f-ad02e53faead,doctor
9e4fdf8f-0121-45c3-a0d1-d1f8537db0c5,necessary
0a22e2a9-a8dc-43e3-95ef-fefbdcf5687f,can
982a9311-c96b-4772-b5f1-bcd2b7f0198e,rise
91814a83-8cd5-45e8-b564-e4f86b6b4fe1,blood
ca642e54-c03f-485b-b441-7d61987c8c7e,short
435aad9d-31e7-4947-94ce-b205de45e4b3,never
6401a04b-aa9d-4d40-9b0a-93059aadc40a,college
2ab531db-b837-47c4-aae7-9b2c7aae4ea9,skill
13de85d1-8770-4833-bd3e-0c813008f995,management
5e7ccba5-db98-4981-8e09-0e37548665f8,about
947fe2d1-f44a-48e5-8f21-a0130ee2be15,radio
5be1c100-b37c-4e66-9d98-ab8113851bba,best
ba1c1e3c-e6eb-43d2-be45-871a2169afb7,property
2de348a8-2a67-4562-a3eb-40525bd9532b,board
294dd639-e36d-4b12-816b-2d3c8f3ae6d5,discussion
f51791d6-0733-47d9-a5f9-130a884fa42c,store
406ff3bc-663f-43d1-bf07-b1f9190d8dff,model
7093252e-d41e-4ab6-91be-8067aacd82ad,production
7d1febb2-8112-436c-a5c4-d58742cca724,performance
d13729a5-bedc-44b4-aa60-1e83cb1872aa,wish
b7339099-ba42-446c-a790-198a6ae81f63,kid
fdb135eb-59f9-4175-ba35-b9c13b37f75c,son
3c3b57ee-b772-4dff-bdc1-d347d1bf1763,exactly
05d9bd20-6c00-4b0d-95a7-63d17aca455c,fill
ba82fd4c-d8d3-4617-adae-a44a79d976d5,office
a7e848a2-0e2e-4528-ab9f-992c1975a35f,lay
e986d9fd-7fb7-4013-a4be-5a53dd25c0d2,future
774a035e-48aa-42c1-b6ab-6228424055f6,property
e5e56f82-f936-4fe2-96d4-e68d56db96d0,south
33b55605-53db-4dc7-866a-6d5ec212094c,American
f2fe050e-4a93-4e33-8bdc-d29f99ad7f6d,anything
88f093e0-dc5d-49bb-8371-9fb74803c5b4,to
4dc1dce0-d063-466a-988c-28a854fa34d7,establish
e1cfb8ad-8ea9-4de0-a0c6-b05ddf0a56e9,model
f6c3776f-97cf-4407-8297-d638a1f38ad0,recent
73eca801-9a12-4638-8d79-53c34494e1bf,music
52a20d6c-4fd7-4521-a850-7c93ed6ce9a0,color
7a9adf5b-eb61-4f45-8930-644b2a209618,bed
61df2c64-c943-492b-a28f-bd000e88e413,treatment
67f77b53-2b8b-4c12-9cec-f0e86dd8df96,west
1cb24c73-0a3a-43a6-9409-fed41231ef33,machine
3b032f9e-dd36-4d48-9541-d902424f35d9,allow
4b3978ff-a776-4227-bbce-63d720e0913d,statement
478cc447-3f03-4a1b-934c-3dcc14ade4a8,suffer
d37fd1f5-4717-4ec4-bbc9-5dc764022418,artist
39a1e727-7107-4ffb-9a33-7671001ae17e,police
6b9b4939-e5fc-40af-a292-843c0381f345,memory
3fe62cb3-b591-4d7b-9c12-c9cca7d06d5d,produce
94ea8fa2-d66d-4e3c-8738-7f1a4b2a8d16,data
c07c2b6d-c917-4976-b50a-11218f2b36d6,bed
c16b4f88-9dc9-4f1c-aa7e-07106b61c6aa,go
6bfad89f-4340-4efe-ae57-3598a4cf74b6,probably
259e2b2a-9b77-434a-8f3d-15afd2052f89,friend
4035a7cf-48a1-4940-90d3-df2f3febff7e,bill
aa5e6a28-917a-4e13-b03e-e4a94fa242ae,his
ff268f69-68ac-4b82-a48f-1ac2a864b10c,plan
de1f9382-4677-4431-a34a-4f3e15edfc06,action
d43325ca-f48b-40a1-b508-31561b75a6fe,beautiful
e1322a6f-bf9a-41ac-b147-e2c34bdedfbb,term
4e3ae39c-fefd-4c7b-9dca-2f4219fe995d,shoulder
387628e3-ecfc-4398-abd9-33ce35f4d769,name
29c29b75-525a-4652-b5c4-38274ec08109,near
119027e7-3174-4afd-892f-831f1887832d,fight
c35f36d6-6fff-49c5-9072-5008e4fb8bed,certainly
1aabb19a-4d64-441d-b245-cfe346544eb3,anything
860bbc31-80de-4b2c-a40a-94e14ace2d7c,successful
64b840bd-149e-4bb1-a05b-a4350c09085b,media
7629efee-59d7-41a8-9c43-35d4c2f5f369,room
df090775-5ae3-479e-8f9c-cd294c17c9c3,stage
a7f141c1-2ece-40e6-b03e-f0c999da8ecc,company
1321509c-eb21-40f8-802b-a2d277f87cb0,organization
395a946b-3b45-4691-a079-bdbe60f8ddf2,military
54db31e1-f6bd-4ce8-ad25-bb25a26549ae,next
2e040561-cba0-4776-93d9-c3b5d1fca768,while
f9e04317-1182-4c53-aeb4-82b2ac250771,Congress
2475a735-fef9-4911-96e3-ce4298963111,life
0ca9a63f-6451-475a-a1aa-eccfb9ab51a0,analysis
dabda8bd-6ae0-49bd-9444-bc8a08b6813c,option
b0f0c31b-0e52-4916-acd3-81716de4eb20,TV
2229d4dd-5365-4af5-8949-e3cbeca4bb4c,Democrat
85c937d6-8f87-41e7-97e7-b6625a0da99a,school
b8b85f7b-c914-45a1-ab40-2e5a3698424d,stop
caf3b49e-8c5e-48e7-b1c8-d1b30c30fe7c,policy
a0602f6d-8a28-4e52-afb0-060cfc01e77e,trip
dbb63c4e-08f4-40fb-9f09-7071db69e81f,war
a89cde25-da0c-4462-91b5-11d56c0d00ac,at
fca2172b-f05a-482d-b0ef-bbeee7564eed,dream
89a0ea71-9bcf-45e7-9554-afb548bcbaf9,reach
cd06d76c-dc66-4686-ab20-b9c8e810ddd1,majority
cd42960f-56de-4ccc-ab82-cad722429ddf,follow
5627a1d1-9379-4ebd-88bd-870c387f3f25,with
bb85992f-46bf-433b-9fb1-389abb8e6535,behind
aaa8734f-c5e1-4277-8fe1-3b9cb391381e,night
92a0a5dd-97bc-40ff-ae56-cece1bb324a1,loss
285d1321-7fc6-45ad-a837-d4ff41568e93,perhaps
f1773656-fb2e-4537-b294-6c562eed9a90,crime
30d791ad-ae3a-434d-b883-040bc20609d4,standard
3309a65a-f4de-4bb2-9f49-0535dfa61397,value
1b61ea9c-f6f5-4de2-a026-39c27e859df7,few
f9213e41-bd00-4c3a-a4d7-de8e721ca3eb,end
c8393f71-64a3-49e3-aa60-bf8f3f17fa54,way
95b05c55-5154-497e-ba18-c55f57665bba,pattern
73c6db32-2c29-4ecb-b924-9a8ce18a1560,ability
8be69a01-00dc-4c04-8c21-74569c4154b5,mother
3f1bacba-e73d-451d-a60e-dda6258b7927,point
a2cbc381-bc0f-4c8d-a0f9-5f9d23eca948,fill
2866e59e-6a29-4837-a0d7-f48f1173740c,opportunity
d2c95f35-461b-4f1e-82c2-d17807f59da7,collection
1da33c49-88ee-4d96-8314-5f21ee503374,lot
6723995f-6cca-42a9-b664-dfdc6355605a,condition
a0c6f03f-6805-48a2-9cad-efb34b06a43a,prevent
9faf0eb6-b84b-4e60-b497-d3760c0098db,election
8c1bae5b-b483-4aa1-ad0d-144b86368da7,about
851a126b-0406-46e1-baab-872654ca24c5,develop
e8fb3137-1908-4371-bd7c-11e142b91871,actually
37104e79-9f37-448c-bbb2-48af82005201,use
96b840ee-ee07-4d6a-9d3f-fa9dfd0b130b,upon
6acad91c-90b0-4e49-80d7-294ec092485f,he
b0b84865-b6ee-43cc-88e2-358cfd962977,course
7d5ce56b-35dd-41a0-834e-727752d19318,carry
b35d866a-c724-4393-9e80-3f2619402fe4,especially
ac1e26fe-7de4-4de8-bb6e-dbf2b8a3b2f9,may
ab9a8261-f42f-4fe1-a6a9-da377e684b53,look
15b73857-8a46-427d-9bbe-a2183a7a7814,same
7e6ddbdd-a9a4-4427-872a-0fa2190c37fc,group
8fa03c05-5230-47f7-a73f-0e5125326f85,speech
224fec45-2dcf-4ad1-ba14-7f8d6bc5d99a,turn
e5e8de8e-7131-4bfa-971c-26ebef988eea,recently
5c868982-7926-4bc9-ae2d-ee6d5e7a6c96,bring
178e5270-84bb-4d7b-886c-597789ef5be6,skin
f2c374d1-0f04-4123-97a7-dfff2646ce38,country
5f58dab1-71e8-4049-a243-ac6a27bf0580,push
a80119ed-d7f4-43d0-87e2-d1bbb559efef,million
d5c64ef0-0f1e-489d-b941-aeb6484396a9,service
ee17de3a-8144-4eb1-af43-82ceece42c86,section
1ad56083-d52c-4ef1-b2b8-62e31613bb7a,force
631fe3b1-b36b-4810-95b1-a69cb7ecc765,million
2d5bd289-133b-491e-9cf4-48fa6845f85e,industry
b01abb26-6c2d-46c5-8815-58e7c16915d7,contain
442a4238-37c7-4622-b65b-6db6e22fcb17,its
c1c3f139-ebb9-4f97-baf6-f5ac46f189db,treatment
0c42a7be-41c9-4bee-8391-ddf56d077b80,question
95c60c0c-1968-47d9-8a60-e68b9435c17b,according
fa4e7f81-d0f3-45b9-8956-3a44de088da3,recognize
9c401787-ff7f-4f50-a160-bb1775fb9b0f,however
38e39b0c-b120-4009-bfbf-0175bfd70e92,attorney
89f7e0cb-f426-48a1-aaed-faf8ab9b0a94,finally
6d734ad4-3c8b-4fa9-bc05-2207337b5da4,agree
89c97a3a-0920-45bd-959f-13aa405ed6ac,choice
2a4f59be-0efd-4eb9-9d48-fe1b46d73417,through
1b89393c-cfd8-45bf-9933-286aa17084f0,bad
6161c1ac-7fdd-4c94-a58c-db2032c692ff,scene
559e7960-94d3-46f9-81a3-27c8d63a6132,leg
d0479d6b-21b0-40de-a092-d0d012cd1bcf,seven
20f60977-1269-49f0-8c1f-0073d301db6b,benefit
de9b2035-0c1c-4615-87f8-a1fe73d4b2ec,religious
5d542968-84c7-403a-9370-379a8ca52895,minute
01e269a7-1c82-43f9-b2ac-ac064c9b8c81,civil
af2a4721-5567-4680-960b-11564701feb1,majority
c74a3530-a8f5-4b7c-914d-e981ab9659b9,win
44856a60-1a40-4ab5-9f06-9a49296a51a7,plant
fa0b53b7-7c54-4025-8d4d-b56b360c4e98,stage
cf816825-4b60-45eb-8e1c-ddbb2988eace,lose
7f6e9139-df9e-4efc-8050-6dcd8908643f,fund
002095a6-2809-4e5e-b4e6-aedce89578a6,western
c908ba1f-d65b-4f2a-8bd6-583734dcfc87,hand
6665cd97-0806-403d-88cb-b64ec53602ff,ready
dccc8c24-5c2b-4331-8bdf-74f99d79bb9f,executive
1b942f9c-786e-43b3-ab08-2401b30d1d53,worry
7272bafa-c02a-4b11-a557-58eb1d1ac501,a
7c825856-d4aa-4029-a488-1436b29baf54,third
5110ce63-09df-4c5b-b8d8-1c0213b16382,animal
fd3487be-0bf7-47f2-9918-2b91b7e8c9cf,enjoy
eea1ce04-9bf2-4cfe-ad59-518ff7be58c7,resource
1f10c367-b424-4991-a42d-2b93f0b21cc1,into
e0d32c51-c878-49be-8516-a0918c8f11a5,table
0f849355-ace8-4e2a-b333-fb3a0a6a70dd,gas
2be6f0a4-896e-49f5-acbe-76838814186a,interview
93ca1d85-1a58-497b-ad3c-51b990d70595,serious
0d0b38be-178e-43d2-810f-6dd132cd3d07,head
e227583f-df78-4bc2-aff7-0749dc64e54d,difficult
ba7cddf1-c976-4186-8e12-795dfd32214a,later
80b1296f-8dfe-46a5-8eda-0e6551ac8aad,state
0f2a1688-72de-412c-bfca-0a415da71c1b,though
e8c8ea86-64e2-493a-acca-80b0847ffb41,enter
cfe5ea50-3bbc-42af-8a56-a885c143f367,not
8b3be073-d5e4-41e1-b5a6-4338e29b60b3,protect
f85c0ab0-b9d0-422e-ab99-596d3d393cd3,sing
d05484eb-f6da-4fd8-8102-7f01970e63e6,book
823784f0-3ec7-4fe8-8ad5-2cbaeb4b9e68,continue
10234ddf-9848-4ac9-9292-ea0c8b2e504b,seem
f15b5374-eba9-43f6-9d0c-629b8ab41e85,she
8b41c736-52fe-417b-996d-574a2814e6dc,could
86bc6a01-b680-440e-8012-99e31847b4fb,person
52389af8-6420-4be9-abc5-76af8357d157,it
c40a2297-b281-478c-8d24-6f8d47c0c976,health
4cea95bb-e860-486c-acbc-f61c4ecc5ffb,operation
fe501509-857f-4d86-a387-8d7f530538a4,event
46b3392e-a870-4c03-a267-8714ad823c80,yes
1630838a-798e-4fa8-b977-f04ad8e957cd,language
70fc9c23-a845-41ee-8fa7-f3f1d25f9a57,cut
7d88d289-dc70-494a-b695-98969efccfe3,talk
24c95b1e-f7e0-46eb-96f1-ea8e5e2d7130,this
ff561b1c-33ce-4d70-95ba-34e55601b9d7,these
a3bbb759-413b-4d85-b833-c7ee7a6174f1,morning
83234c43-de89-4c00-9346-762cd7385cf7,hospital
36cb6b62-133d-4cf6-9071-45d6d26f98cf,change
0b7ee8df-a4bf-4a2d-8ece-1c58c91fd498,someone
31f84d38-ffa7-45da-96a0-d632246e6df2,task
49e01f78-8ebe-4703-9f82-677d993fc377,front
db159832-f45f-4953-9d20-1dc63c01b773,pull
4cb5fc44-e785-489d-8a7e-38fc234fcb27,crime
cb447100-4a30-4b7d-91cc-25e0da8b67c3,research
9cfe2f86-f02b-4b5f-9a3f-a39f9eb94e75,specific
151c2426-7e2f-48ee-9222-08e1547f24ca,hundred
57f29dec-6e79-49da-ac81-4d9797caea6a,parent
33ec1a7a-82df-44fd-bb08-05c13cb939e9,knowledge
83ab84bf-8de1-4072-9b10-186188ef8a5c,better
2bba1f5a-369f-44b2-baf4-c4ea1dc52fa1,ready
8d96b130-8983-4b16-b1b0-111e29ff0772,any
9269d078-7f81-4e7f-a76e-6dc4de099ddc,task
2e5eb5d3-e17f-40ce-9cc7-368add07d132,affect
16525677-b5c6-4578-a9dc-3226c6983999,generation
025446ec-7e87-499d-ac4f-ea7668895296,message
371d8584-0a86-4db8-8860-0e917c312407,represent
d6c7dd16-a1bc-43fb-bee8-30ee51c70bf6,south
49303c4a-c939-4f0f-81f0-667c5b3f2100,recently
e4629787-5480-4278-b52d-14ba26356eec,watch
5b71b5b7-53b9-47f4-b6fb-2975d70c8e0f,enter
3c76cef8-1df2-405c-9250-8df72c8283e7,could
3af2b7aa-d30c-4d8e-a120-cea5218de25c,finish
de72f1d1-5dae-4147-8492-8d6b97612879,record
199857f4-7c1e-4a11-8e47-4754d709341f,arrive
0d60196e-f73e-44a0-9382-eec27645156d,nor
82be9c63-aa59-471b-b06a-87aa0e0cd1e8,something
58df4952-7ac2-44e7-bb53-60c2a4fc6c4b,growth
6e744c32-7677-4c06-8067-7cc3ed13ceee,simply
51d87cea-970e-4b35-91a8-ae38dec13247,hair
e93e763b-0a18-4d81-8506-6e478b2a822d,door
55ae0ffb-f7fb-483d-8c79-6b9657dacfcc,investment
9dceb927-e128-4eeb-8406-fad01ca0e304,only
3833013a-e22e-48d0-976f-5826a5e6512f,central
abf8c343-0656-435a-8b06-54ce97b993d8,run
a56d0c74-b843-45cc-bd6f-3c45aac2f0ff,western
8b614c9f-a891-413b-863f-d0f9ac8a6c38,significant
70b4808d-d00c-4372-9734-2ab874ae8a81,enter
a42ab597-e06a-41f7-b648-b36437d0c6fc,bar
c7cfa031-ac68-4274-a212-82a9e1899a03,traditional
df958318-cc33-4989-869b-0309900f3455,them
62a1f79b-9eb1-4312-b284-7f28ccf56f93,moment
caa41eb4-4464-413d-b6c4-16add7d29b26,this
93ecdcc7-3603-456a-9092-41994661d8fd,approach
12abe228-e453-47a2-9bf7-3c7164c5e674,no
efb58e35-3243-4814-a08b-9cccfdce31d6,because
48e8b57f-911d-47ba-90b2-3f773d7f8768,adult
52957d8f-de04-4197-8770-1dcdb95885d3,song
220c877c-9e44-410b-b8b7-04044b4dd65c,room
b2b7a376-f34b-453a-857e-c1a1bf4c9d16,party
ba6a785a-c13e-41ab-957c-ec6c07e95615,morning
5ecc9318-df41-4454-9474-c2c92a04a36e,series
bb3b5074-a9d9-488e-9c78-b379dcc2b160,know
56bf1ab9-2099-41c0-86b7-6016ce022e4c,sort
8116e16f-bc8e-425f-accb-15613a1559a7,many
2a05ca04-93d5-4af4-9fdd-2a63ba68c477,man
821d1653-bbda-4924-9f65-dc67868b9cf0,along
4a1b2d3a-5e3a-4624-b4d5-0a63b80985a6,anyone
f6f8b438-40fc-437a-8141-ad91620f46c8,charge
023968ed-9393-4760-918f-43126b0214c5,girl
a92496e2-8475-44a9-96b5-dae2475f2f5b,land
0ab65fb8-e70b-4960-9987-55c16da69a9f,about
4a1b2a6d-1611-4f69-ab42-0030edbd8212,play
95e35031-b156-4075-8155-a7c0a6af83f8,computer
10ba44e1-1e73-48ae-9813-5b0de712fda8,character
34bff805-04b4-419c-b38d-b5e618216e89,performance
eb3d768a-af4f-4e9e-9f72-9e5b6e8357a0,forward
7fcb9e0b-fe04-480e-8323-0b92c1e076b0,simple
c7ccef67-2468-464c-b4fb-63cfd99e5d1e,Democrat
6ae69d1e-1594-4cc9-b70a-035b834f3d8f,beyond
fc324b33-b675-49bb-8fc1-7fd72993695d,goal
223d3c06-4937-4aaa-830f-53ad76af7e9b,food
49325b05-7795-4ea4-944a-385e6ce21aa4,child
52d40bff-b750-4e6c-96c9-f290b5f2816f,they
60a2b054-fb79-4f08-b0f6-eac1e731f621,attack
2d37cace-d782-4b8f-ba09-1f41a90c05fb,world
6ebbfb51-d182-4d68-9fe6-706f19acfee7,financial
380463f5-9412-4409-af86-a21727547e1b,people
2f7c5aae-7c02-487b-be38-95793279aa54,service
7e10f926-ece1-4dab-893b-dd7a3e3cf801,act
b6cee9b6-62fb-4d39-9f21-68cccd13612c,enough
fb350bfd-a036-443d-8f69-68d54b683e9b,end
930e64a9-8315-43ab-93ba-3dbfc8255df1,happy
b3042e6a-145b-4b63-bc47-2f7dc6e2a581,although
16b2ed3e-8d81-4ffd-829b-ac621d5c76f5,accept
2a3867e0-1849-4c2c-953d-c7fa1adc0aff,fill
f6d74eaf-185f-4877-a030-06854768e7b8,community
838ebd5d-6fd8-4989-95b5-6a13fcd5386d,about
d3c7f94c-3a99-4f60-97d5-0adc817617c5,country
7a0a3305-36e6-4b0a-b407-2ebbfc417339,something
44343c4c-9fc2-4bd7-85aa-d80ed81fb175,face
ae19e9dc-423f-4c0b-90de-b4f8154e06eb,market
eca5a54c-df76-4fe9-aff8-aa3e8621096e,oil
b993a623-991b-4f0f-88bd-044e9b6cc422,paper
808d4f06-d3bf-4f16-a91f-08f08f1f64d8,he
fc0b2150-34ad-47c1-92af-bb8b1e79f912,since
9f145610-f399-4f06-a55c-02e66dc16955,figure
9639af55-d5c2-49e5-90f3-da72e84fc2a0,sign
bde27a4f-e028-43e1-af21-f923f2802d1c,minute
657f9d2f-fe98-4f12-a3e3-e6a377d5b278,social
b8e54a28-7e96-42cd-a258-7c0afe2c593d,later
4015cacf-0b24-4357-9738-dd1864412d08,by
87cbd894-d2bc-4fa8-8861-cc4b5db86044,student
aec36fc8-1df7-43d8-a1d0-5aaee8510a13,number
57dee9f8-9b3d-4ec5-affe-9253a0dd84e3,worry
7d76915b-0fb6-490d-a015-3b4371fe44e2,role
f7ca1c20-f736-4eca-ab48-aa2f6bc66d82,from
52cd67ba-5ba3-48cd-86c9-bc378269b9b6,job
b8f07622-3603-41da-89ae-640ba7758bc6,already
64b230d3-cec6-472c-a270-ddd401b4b9bd,discussion
af53bf21-020d-4750-b9b1-0fe3a7c67168,next
a18f9d55-057f-464b-b70e-b26018a0b2bb,system
6ae2716d-098d-4fea-acba-8f0627f4e33e,ok
957c754d-f08e-45cc-8c34-f52d7c7deced,crime
222588ac-3502-4c9e-a720-72d7bde486e4,society
a755a1e6-a357-4eda-bbcb-ad78a2ea0900,change
67c0ee15-8a9c-4d3e-837e-39167440cee4,environment
096826d8-0134-4a1d-92f7-6861197da9eb,trip
110b36b6-e1e1-4f37-9f2f-47986b3f8e7e,prove
0fcd5079-bd79-4353-badc-775cebe7bc89,system
f1091890-940b-421a-af9b-62f967dcace8,position
ec3363af-a4d2-4059-a276-bc21973d9b76,national
95abf99f-3097-4a1d-8bd4-7dac54432844,possible
0669d132-4a81-45df-8620-4402a7ed45c5,risk
9d4967ef-6095-4bb8-bb18-7f6e59576422,thousand
e7f7a393-9c18-4646-865f-8e6a6fced8b1,everyone
a4f2c1b2-094c-4edb-a14b-dfa748d59f83,wonder
0c13c22e-2a4f-4c44-8127-01ebd3a2121d,in
75b7814e-05ee-4a6a-aec2-a2bea2eb1c62,each
dd31f1aa-3e8c-4bdd-9b30-f001d08d4d9d,reveal
7c05dcf4-19b5-4ad6-8430-4f15cfd58204,nothing
2e0915d9-166a-4159-a31e-758d3b3fb8a5,billion
e1ba768b-c1c3-4ab5-b04b-64af5e9cceb6,threat
3a4d468c-ccda-47d1-81c2-d1803a810b1b,social
370ba735-2f1d-4ffb-aca9-08e063bee655,anyone
57463f5f-0e3e-4a4e-9a85-fccd69f6342c,public
362f485b-9526-4f36-85ca-038f5d22ed53,among
0d195e53-4eeb-4ba5-bdcd-b8737b062e73,possible
e29d481c-bbde-41cc-992a-22ec01a2a339,song
75ad3896-fd5d-40a5-8015-c7f69a3691b2,difference
dcde0777-18af-4708-a12b-52cb8bd9de68,group
cde6d6d0-3c22-4e9e-a766-cb024908b272,baby
6fe52a9d-4a76-426a-9e06-b60bd965fafa,bag
c62a8d8d-b5bc-4362-8645-478247b052e4,matter
b6554419-92f6-4a0c-b49e-ad44e4a5208a,security
471fee99-2df1-473f-9444-d43d5b2a25fd,whole
63be37e1-9003-4fa9-a8ff-98e58d032bee,represent
801deeae-abb1-4d6b-bb20-3b84ae1153f4,culture
95755dcf-14b7-45a0-bc66-a61e46dc961c,land
bccca385-eb1d-4692-b522-a10716cfbc44,game
cc4a2301-b850-4577-a13a-3fb50c5d1ed0,certain
52e080a3-657c-4434-93b5-7025ed02d358,half
26313ddb-0566-42fc-bfb5-119fe6fe64b6,woman
a75f0c3e-da4e-4d71-ad29-4d562ca765aa,tend
a1dd8d77-5a86-4851-952b-42e9eaa1cbf9,need
5364881c-e2b6-4df0-9baf-773a43dcc377,sense
17537b6b-f577-4531-8ce0-dd812d25367b,guess
c73f8594-ca34-499f-a2f0-447920bdfdbe,best
f540edad-0b99-4bb2-919b-a427d46ec665,performance
2e6021b1-b2cf-41ad-969b-d37592ba16f1,population
9b811286-22d8-427f-954f-7540a44e9ac7,night
7756a786-ea70-42b7-b8a4-32641c8041e2,mission
ef1f5272-9286-42a7-989c-76c297066e27,particular
96061e3e-154d-428b-98e5-dbc154d9c9e1,can
35475c4d-6003-4589-b35a-07a3209227ae,standard
faadc622-b26e-430d-b93b-c1f1d629f25a,major
63cf27ce-1656-4443-a973-037e3f57be50,stop
e17c9da5-de49-4a01-ab8e-0b305482596a,own
596af84c-b0c5-455c-92af-5998dae75c0f,process
7b2d880f-1bce-4723-9242-7b9f16946704,effect
b71c72ca-2dc6-461e-abbf-df2dc77f1746,card
a55c200a-1d3b-4a94-802c-aa4d872f7256,must
559dcb63-a823-4649-8959-c23378272cd1,add
c7356de3-77a5-46b4-8c98-fa3f32c8e3d8,model
f44edbee-05e7-4fe1-b7dc-cfdd9aadcb06,stay
d1b65060-f657-4c01-b32d-a7055589f4a7,economy
1c9626d5-73bb-4d53-b3b1-df9cb665d30e,watch
42ce6d01-89e0-4f8c-80b0-09f2c5445eae,effort
b769a80b-376a-49f3-9dec-fc89f7b9c40b,theory
c26e208e-6937-4fda-810c-107b78bafce6,painting
38b6ff33-b659-4bca-848d-a77fb6218cc7,wide
8d9a8f94-9eea-4d8f-808a-9a6b9870f63f,wrong
3abf3376-7d03-4417-9375-78f4db7571d7,hair
5c6c9725-361e-4633-b181-8ba909749a0a,very
47946195-c03c-4dc0-8151-6a03b35248fb,across
9466a3b8-4b37-4373-8979-3a9a54f71476,set
87aaed1c-da47-42d1-8cd7-ede6ee1ea8a0,tough
61de5bc4-43dd-4aa5-8a23-abd4337777b3,war
66873c59-799f-4329-a3a0-6aa181e167cc,will
3fdb785c-ae11-4141-a8d1-189850390678,inside
19887bf1-becf-4389-9ab4-7ca8bfd169ba,adult
e96c244e-f8ff-48cd-9052-b7e34609eaad,old
1a725fd4-fe35-4a8a-af27-f98d3456b75a,skin
5c53a12e-c6af-41ac-82ef-69d7d44b434f,law
c3b4d844-b807-4f2f-b308-22aa2a616441,PM
95a65642-9d86-42bc-a7f6-c9b96c04b6fe,out
870339ee-a978-49c5-9011-38e7cba612c5,green
211eb1d0-0125-4fe1-baa9-6698ad9d5a30,education
398796e9-e8e7-4696-982e-d1536740e3bb,evidence
03ee354f-6e60-4197-adcd-158274113450,maybe
129a26d5-c364-49d2-9236-1c6f3d6bcf46,son
e7e38495-96c0-40de-8d5a-d0c01dc71d47,not
8eff58ea-e151-40b4-9c42-3f2dc7f77658,you
f488d542-c0d9-468a-9bb9-6b080905baed,section
3af6d08a-328a-4c4b-8a7c-438262302c0c,cold
f5ca61fc-a3e4-49cc-bd5d-42f6f2d059f8,fight
47db2262-c963-4474-9abd-88d83250d615,budget
6a4f0df9-fdc9-41a5-a748-ff85492db2a0,former
cb017de1-798d-41c6-8729-c036c2c506d6,end
de7524ab-6de2-4029-bf50-c4a5e0d47203,employee
1407a771-11b7-4b92-8c9f-0e54b70d273c,force
52eb1291-e9a8-4fca-ba59-b08c63cb3ab6,apply
e8145f77-d31c-4129-98fc-f0b133dd9068,central
5561c69c-bc93-49c9-b726-5b9dbffa6b7c,cell
eb1438ef-f7dd-41fb-8a04-ac324397813d,guy
42f86f53-7da5-4ff5-985c-d89d4907c175,these
f48d5247-7c0e-4aac-b04e-ed81fd4e9abc,might
1eff4520-21fe-4738-85a3-95ec2915cd7e,real
925f2a60-5a0d-46d1-acdd-5bd10a8d331b,cell
e2c69fd4-bb06-400b-b669-6ce811f9a733,year
79349ce7-1aa6-47a4-bc27-5b337f3693a2,toward
c656e1d0-8359-41fc-b76c-42e19fa0dd9b,as
4d467047-5b01-4db2-bedf-fb827d7037f8,who
53689645-3986-41da-9460-400c603dea9b,size
8abd7b51-3c8c-41f1-84eb-e090ebcc4e73,all
2777e663-27dd-4cbe-9771-0f33dd694bf0,protect
ee1e9298-309b-4fd0-ab83-dcf93c6e7a0b,move
1644c0d7-93e5-498d-97b2-9785fb1f12b8,close
cd2f7356-195e-44ed-ad11-14a495e737a0,risk
e3a2c0ef-561b-4f30-bf32-bfc6590234ec,design
18011723-7c20-4b20-a021-27aa0fee66d9,travel
9eedd07d-5789-446f-8437-bcab6b78503d,win
cf49878c-7711-4f7e-812b-4356af587937,law
e93ed6b0-3bca-4bb0-ad07-2b7c3dc8d4b0,talk
6009adf0-3a0d-4acf-9ecc-6fc7f38a2ce7,down
207d2798-3d6f-46c0-bb74-d9fa02fbd1eb,believe
7a466394-b38d-4f68-8845-603fc4cfaab6,likely
71ad1d6c-4fc0-4779-90f9-5c5787236247,computer
046e1e64-bc2e-4351-b22f-b15438f7447b,kind
4791edb7-8ad7-47e0-b0de-95bd17225681,shoulder
4d980fde-d4ea-48de-9a90-211bb4eb3e00,bad
6310c6f2-06dc-4ac3-9ad5-2897639d8caa,population
33d6bf13-8449-42fa-9806-2f00b42c8e3b,turn
b0148bc2-b149-4692-aba0-24f59978be3a,Republican
efe10819-ac06-4ee7-bfaa-62bb0588d7ba,just
cd3cda96-f533-4f74-9f4a-7ee8ad260bea,minute
7f421922-6bcd-4ecc-b48f-e8c65530e066,meeting
a599d6c8-cdcd-42d4-8876-da74a94d36c0,their
12000888-efca-48f3-b8b7-0b9cd77a79fc,over
845c8132-0457-41f6-a06c-bdb1160c01a3,visit
de9808a9-ee77-443d-86f5-f47f11b72221,prepare
cc7c1304-6e61-4024-b82e-f86905bd0f9d,century
22610f90-a077-49e9-a2c5-ac13173db2da,deep
7d509f59-2689-4b47-8e08-a026a95c0a82,next
242731cd-4dd0-473d-a85d-1359f4125df1,audience
55ff30c4-d288-45eb-a65b-5defad17af9b,letter
1675659a-3df4-4430-88be-7b8e396d7809,bank
60e58d6a-0fb3-4313-aa00-89d21ac0be61,affect
6bdc9a82-b027-4783-9043-e11e2da78105,green
fc7bc860-c0a1-45ce-bac1-800c90633e35,finish
c0bc1f35-c85f-448a-9013-6947a6784b4b,human
ecb41a1e-c771-4b87-a0c5-060b0bed4990,method
dcda50a4-5623-45df-8061-f9e2a203b1f0,soldier
8de95d1a-418b-4fee-af5e-adf966881d0d,guess
d8c93b58-a320-4cc9-a378-8547975f3e38,apply
86c79b1a-11cc-42c6-93f3-ceab668d66c4,over
21ac16d5-d6ea-49fb-a3d5-2c12714d2e0b,with
c678c4f3-6cb6-4a5d-a1a4-c3b481abae69,eight
ebbffee9-71d9-4ff6-b686-2e719a8376ae,last
d0915859-520e-4071-9458-1d3e247da028,response
e9f075e2-db14-44f0-a30c-7ab398b90f0d,sign
16323dc9-a0a1-4eb7-99ce-0f6accce068e,Republican
7c122c56-d4ac-4b04-adff-60f4b0ec0422,field
835cd014-3f63-48ce-8eb0-7228b7cd6bdf,discuss
a9920f2b-2c3a-4bed-84b9-687246dad193,ready
8c4ba73d-ca66-4049-88ca-00f396d1768f,store
58005183-e409-466c-900b-b81cf11c61f8,chair
3b748f76-fec8-450f-b3f2-eab7a1bcd2c5,miss
51a90d80-39e1-4785-bb3f-5df47f6f5244,girl
80631f48-5887-4905-a33d-89c0280897b2,animal
862d1698-088a-48bc-bf9e-51f62ce762b4,what
9f6e6d2f-2c28-4ac3-9b3b-96ef22c8e596,notice
b1366468-8bdb-4ae8-8367-6fb54e9bc4aa,establish
69f52b2f-419a-45a4-9c57-9e5cef579627,light
94a0a667-3d5f-456e-9654-0bf8ae3aeaad,during
4cff9801-4f52-48cb-b526-a7efe9fe3480,wish
c8d9e5dd-797a-4caf-ab3f-cc01f643f634,avoid
43a83414-9675-49ca-868e-357fb76d431b,both
01429513-2f01-4d1a-b75c-a67e87d7639b,always
9394a384-f571-4940-8edf-526dca1aadef,professor
22169ab4-a9ad-44c6-9fc8-3a3aa3170641,again
b90c7464-626d-4303-9d5a-68751a69d05f,look
d36c3453-e934-40af-ac9b-6f0ac2115142,financial
f5da915c-16ec-4ce2-8607-c6ad5395d3f4,book
ead20491-6fd3-4460-9484-5e29c4701ad1,person
fb5905d1-2486-4e8e-8f5d-ac714685a5fb,certainly
ae035b77-f3b5-44ef-8130-e7cc880e33b0,pull
a829f920-3c20-4344-8157-a78c1bf7cae3,fund
74a494bb-77d2-4055-805d-ac1e299a8448,join
03157283-20d3-44b0-9ad7-f2270f4e6698,ever
93e02c00-f03b-45e9-a0f3-315ad24df625,more
1eeaebe7-97c6-42e3-874a-26ef66f81d60,lot
869ca2b9-6c2d-420d-9eef-5b5ab1955dc6,southern
068df763-c90d-4846-8f2d-85bb45e53496,reflect
e407f1e8-4057-45ce-9208-f8819283771c,poor
dd448b35-205e-4047-a687-16104052d5be,across
931f5179-ab83-4cb1-b1ca-2404d3898cfb,call
fd7fd1ff-50e7-4cb8-afd9-a2d665cb1ba6,those
2615e6e6-f155-47e1-9e8c-63e357f854f3,somebody
d661d4dc-540c-4f5b-8aa9-ef25a84749d5,image
d4aa1f51-59d6-4b3b-9dcf-8a4d3a308242,could
71262ff6-ef66-4fc8-8a6d-b7d50a646c26,practice
f0e2e201-55de-4fb2-9e07-b63295ec6755,trouble
59a5b647-91dc-44a2-843a-4bb507dae1ae,environmental
6902aa60-4b23-497a-80c9-d2875524a83c,school
930cb7f9-0322-4dfe-8c97-feac2acafae3,father
0e8bd399-c70a-4bf9-bf1a-38d566e4dc26,against
61a49ded-5ff6-4b06-adfe-3c7e3600c02f,art
b48a8e3f-6f34-4586-aa62-8a0b58d49a64,necessary
efa3c4bf-64b6-4dd2-aac7-2c436e076fcf,anyone
70ddb932-b3b3-4ee2-8d85-b9e49f2c3f08,use
e9bf05bc-84dc-416b-94ac-8f40d319c5ee,goal
6d2ce14e-b8ab-4425-9a04-33bc372c2d99,budget
6bca1d2a-137d-403e-a4bb-dd3f8e54678b,writer
cc1c2b0e-523b-4d31-9067-00a567be1b46,traditional
00db0821-824b-4c3c-aa71-bd6f77717153,continue
e8e38f3f-805c-4d95-b3f5-d8e00a1fee35,every
869310e8-d686-43b4-adea-222800ac4b2b,increase
92490503-b95c-408c-bdaa-a2ac4e81b6cf,close
2dc6ebc6-b8bb-4599-aaa6-2d1a173a80b4,wish
1cc58b71-760f-4dde-a3c4-6b0e239565ac,move
0ad1c2ee-f2fe-449a-8295-33b4adc27642,sit
763fe203-b280-48cb-8356-dce6ede75d6b,audience
1cd1d54f-114d-4b4b-b3ea-760f2e59f8cf,visit
acea3850-ae4e-4030-b464-cf86fd1448e9,break
d5dedc43-3e82-41e5-bae4-55568827a0ce,too
4b250f6f-2365-453d-80c0-3d7af2c2306f,many
68dc2ae3-e695-43a3-8b04-71c6a6892bbc,fast
a819ec59-e1dc-418b-b055-92a1182e279c,evening
2d9324f7-557f-4cdb-9746-ba863227c2e9,down
b45829ae-c4be-42c0-a674-73b98c86ef09,find
b71ee6ef-c9ef-43f0-927f-6f3804851015,operation
924ae477-c050-463e-9c1a-fa8d56a42688,right
f383b6a4-a9aa-4713-925f-1a5f77f2054e,likely
79ae1e60-d618-4789-bb2e-1477d4d6fe6d,thought
a870f6a7-361b-47fd-8efb-90f124467cd0,meet
e39fab85-f380-4487-ade4-f7bc20a4ccac,recent
a7af4eb9-445d-4f35-b411-45a499fbebf9,attorney
051520a9-fc90-4101-ad23-34e7ec4196fd,court
75991a59-bddb-47c2-98c2-36101b92325b,let
e461d87a-367d-402b-8f66-4db24ebf6230,far
4e661e72-0534-4d06-a9d9-29903412bdf3,style
eb82b61d-e071-4538-a26f-ff69ed30c399,physical
e65ea50c-6d89-4aea-9b6f-106d6ff1479f,heavy
f5b1d2f7-692d-4ede-95a6-ba4fb7edfd9e,standard
1f12337c-c0f8-4ba3-8a51-d411049396ae,voice
c616fc5f-3764-47e8-9e89-4bed2f42f389,professional
598548ba-1f65-45e0-80db-48273665fbc4,between
0725d854-28ab-4b48-99bb-c814ebe9f443,return
3bb06c54-83ff-47d9-aaf4-dbdd8a9cfec9,level
3f09734e-7026-4986-b5a4-76832f87833a,who
2345d88f-d605-4123-ae63-c4dee2157bed,property
80b0d0c9-a647-4a58-91cc-ad425724d81f,body
8ea41cd0-53fe-41a2-840f-341190f5a285,business
8b8ebeaa-f022-4e59-90d3-8f91d5754acc,people
a2dc8288-aa04-45d3-8b44-f07351e362ad,write
258812fd-7f88-4a0a-9305-6ba3e59424d3,method
e5351459-e4e3-4b24-86ca-a3bff29521d8,pay
abe600d2-0e0f-4d75-abb3-05818c3fd59c,me
f942dff0-00cd-4287-bd4d-2e6f46e76e6b,world
cdea6b56-e6af-4696-8baf-8f357aa476d6,letter
92f5ecfa-3d11-42cb-ba30-accd44520d0c,senior
21130d1c-68bf-42bd-ad5b-8eceac90ba17,fight
264b7e1b-d4ee-4d05-92ef-ab816a87b79d,last
3ba43b19-0390-45ce-8508-0659a04a74cf,strategy
086d568b-de44-49f9-a072-06e4707faf68,reach
6c5985fe-f33b-4225-b7f0-9a1f9f933b93,per
ba662b21-5911-4369-863b-5d8f60658390,conference
de56d4b0-11e5-4603-863a-211fa93c1c31,these
ecd55226-54ca-45c5-8687-2e9367b5f83d,might
d8afdefa-38f9-41b8-bb82-c4a09c55040b,group
00316082-ee6b-4817-8acc-f24667ae181d,toward
2a9ecd3a-cc4e-446f-b4dd-d375dbc65aa1,us
1d7b2a35-848b-4ba8-8adb-fa387fce0173,assume
2bb65a42-f949-46e2-a6f0-467cdb6382c8,chair
8ba367e5-3f37-47af-a527-13b63d1d31c7,society
2d3301ea-463b-4719-9f6e-8119933c37ca,stop
4bad8f4d-9767-44b8-85b6-8077cc6c3056,however
f77358cf-6e3b-4f5d-b98c-6d2f73689d1b,really
03759662-8a46-4993-9cb9-80b48252b17b,lawyer
784da848-6c8a-4d61-b7b2-754846a339ce,choose
779bf97e-594c-439d-b39d-d776bc13c779,foreign
022c7e41-0436-47a4-a273-353dbad597d5,wrong
0bbad900-5a54-466f-80d7-b56e717fa840,role
00b90506-10e5-4cf8-85d3-dec608c2e303,international
f843563e-581a-4b9a-beff-0f69887b8afa,skin
eebbd725-4cd8-4a1d-9ff9-c69cd8ec730a,four
7ba6ef3d-1860-41e6-8a18-624aff8cd353,impact
f7439efa-bfae-4834-a206-af278da25d6f,program
c48e8d56-078e-4f14-bef1-50febd09cd0c,voice
3044580a-976a-4263-b610-5567b62cc5c8,let
9092e189-c37b-4058-842f-9b24a4983e8c,manager
65a0a677-4b2b-4864-a9ba-d9e997177dc0,article
1225bb47-769a-4f93-86e4-e3001ccb8d46,race
ef59563c-ed6d-43e3-956d-fab227bde3c7,their
60e6857d-5486-449e-852a-b4612e1e6d74,yeah
f1ce531b-6955-4759-911f-696a8c4332e0,media
73d5cefb-3b91-4761-90fd-08de5ac2c62c,always
ab7caa89-d71a-4f91-aa50-0bdc80a1d605,course
43dbb3b9-da16-42d3-97eb-e2adbe93f0d2,challenge
df6b9588-c777-4d9e-a48a-6601888dcf2f,behavior
d89359d3-29be-4b46-945a-a65c7c68aa5f,somebody
65d4aa6a-9b6c-41ae-9880-6e98306e9382,address
85ce667e-7783-4972-8735-457c5e30c48c,fine
6ca39f28-5562-44e9-adbf-3a84a80ca092,audience
242ce7ec-472f-4d34-9608-b63ab45f22d1,effort
5350f95b-712a-41bc-bd7b-f75d1bd90688,skin
8bc7d696-a059-4c8f-8ab0-54ab79b40e50,take
0a1774d3-e79f-4f06-8683-1a85322ebc32,thank
3fddfa12-5a5f-4760-b9f0-525cafaa7ee6,company
acd1ddae-aad1-4b90-8bb0-c93f376d62eb,carry
d547d5a4-0ab8-410e-905f-3be91b7c6353,side
1f09401f-8324-4387-8e3f-7fc7e616949c,technology
e43d16f1-f57d-4e82-90e1-8c0ade4903e7,perform
52d44a49-e0a0-4a77-bdd6-dd7290fc9d95,although
a9153285-31cc-40ac-8acf-6ed49ecdd6ed,with
fa3d407f-89ff-43de-adef-ff81094453ed,thank
7aedc8b1-6a00-492c-8c0c-f3686d43f342,share
0e9a2498-181f-4bb7-8dd5-d2868fbe7e0b,new
5ab36650-f937-4270-a1ea-db58dd7d5776,issue
b63882ae-c0f4-4180-a6e8-052c1c584282,firm
25ce4213-9549-4651-87c4-ad2a63d5fff0,under
35d07d04-2a2f-47cf-b325-f81764de075c,provide
155740b0-7630-4f78-915c-e5578c1224a3,although
4b9a77b3-df30-4bec-affb-542e3032926b,reflect
7739a0b5-4c75-4898-b3c7-e6ee75c431ca,popular
39ef9f89-8b5d-472a-ae6c-ab2df7d57071,next
f081bc8a-4a89-4f92-adca-c31ec0c8c404,dog
4846685b-5c73-409a-945f-fb1078fecb74,notice
42977ebf-3f09-48ac-9d72-607da831e0a3,senior
d078022c-fb87-4c91-8241-6a0c12c935f0,charge
93bcc171-a670-4236-8148-252f20ad0fc2,source
ffbae893-1a74-4cee-bc90-e1620777b096,during
8fe926bd-da28-4c48-8034-c59d243834c3,dark
86d1759d-1632-496d-86e6-1ffabda6f3e9,oil
4f5e14cc-ae96-4b17-9fad-f60d8abe642c,serve
ca4b2cc1-eb7a-4db5-8db6-ec06aa92fcc9,hundred
827563a2-02df-46bc-b008-1e7371e38813,least
6cbf60b7-f5ee-4532-bd7f-824f61f8d683,party
200f6804-2498-4e15-89b8-bbfb7e48a4f9,method
31d2adb3-ec35-4680-a1bc-cbc8cfaa2d82,father
fdc0b2f5-8b68-438c-b034-4b97b1df98fc,student
83282c73-93a4-48da-9954-59240b6a1ffa,according
f16de003-cbbc-445d-9a1d-ac5e9ff98e64,wife
5f1f0808-76e4-4cef-87f7-261841ab111d,politics
0945d25e-58db-46a4-bffe-7eb7d4015bc7,occur
6f724365-2c93-493f-a347-30a642c63d3d,threat
